collect_posts_amount,collect_started_at,collect_done_at,collect_is_data_deduplicated,collect_is_ad_free,collect_is_privacy_validated,collect_warnings,collect_errors,collect_observations,collect_summary_observations
26853,2026-02-17 10:00:00,2026-02-17 10:00:00,FALSE,FALSE,TRUE,none,None,"Foram coletadas respostas e comentários que não continham explicitamente o termo de busca, mas que estavam vinculados a publicações cujo corpus incluía os termos monitorados.
Além disso, observou-se que, mesmo incluindo a letra “O” na busca pelo termo “MDS”, ainda houve a entrada de diversas postagens com ruído. Isso ocorre porque “MDS” pode aparecer de forma isolada ou em contextos ambíguos, sem necessariamente se referir ao Ministério.
Como sugestão metodológica, recomenda-se que o termo “MDS” seja considerado válido apenas quando estiver acompanhado de outro termo contextualizador (por exemplo: “O MDS está ampliando tecnologias para a agricultura familiar”). Dessa forma, evita-se a inclusão de ocorrências genéricas como “O MDS, espero que isso ocorra”, que não agregam conteúdo substantivo para a análise.
Por fim, alguns termos e perfis não foram coletados por ausência de resultados. No caso dos perfis, trata-se de contas que não apresentam atividade recente, tendo realizado suas últimas publicações há dois ou três anos.
","Foram coletadas respostas e comentários que não continham explicitamente o termo de busca, mas que estavam vinculados a publicações cujo corpus incluía os termos monitorados.
Além disso, observou-se que, mesmo incluindo a letra “O” na busca pelo termo “MDS”, ainda houve a entrada de diversas postagens com ruído. Isso ocorre porque “MDS” pode aparecer de forma isolada ou em contextos ambíguos, sem necessariamente se referir ao Ministério.
Como sugestão metodológica, recomenda-se que o termo “MDS” seja considerado válido apenas quando estiver acompanhado de outro termo contextualizador (por exemplo: “O MDS está ampliando tecnologias para a agricultura familiar”). Dessa forma, evita-se a inclusão de ocorrências genéricas como “O MDS, espero que isso ocorra”, que não agregam conteúdo substantivo para a análise.
Por fim, alguns termos e perfis não foram coletados por ausência de resultados. No caso dos perfis, trata-se de contas que não apresentam atividade recente, tendo realizado suas últimas publicações há dois ou três anos.
"
